[{"model": "admin.logentry", "pk": 1, "fields": {"action_time": "2023-03-02T01:07:42.324Z", "user": 1, "content_type": 6, "object_id": "1", "object_repr": "1", "action_flag": 1, "change_message": "[{\"added\": {}}]"}}, {"model": "admin.logentry", "pk": 2, "fields": {"action_time": "2023-03-14T14:15:54.395Z", "user": 1, "content_type": 6, "object_id": "2", "object_repr": "2", "action_flag": 1, "change_message": "[{\"added\": {}}]"}}, {"model": "admin.logentry", "pk": 3, "fields": {"action_time": "2023-03-15T05:25:13.722Z", "user": 1, "content_type": 6, "object_id": "1", "object_repr": "Pendant", "action_flag": 2, "change_message": "[{\"changed\": {\"fields\": [\"Category name\", \"Slug\", \"Description\", \"Cat image\"]}}]"}}, {"model": "admin.logentry", "pk": 4, "fields": {"action_time": "2023-03-15T05:28:32.109Z", "user": 1, "content_type": 6, "object_id": "2", "object_repr": "Ring", "action_flag": 2, "change_message": "[{\"changed\": {\"fields\": [\"Category name\", \"Slug\", \"Description\", \"Cat image\"]}}]"}}, {"model": "admin.logentry", "pk": 5, "fields": {"action_time": "2023-03-15T05:28:46.716Z", "user": 1, "content_type": 6, "object_id": "1", "object_repr": "Pendant", "action_flag": 2, "change_message": "[{\"changed\": {\"fields\": [\"Slug\"]}}]"}}, {"model": "admin.logentry", "pk": 6, "fields": {"action_time": "2023-03-15T05:28:57.421Z", "user": 1, "content_type": 6, "object_id": "2", "object_repr": "Ring", "action_flag": 2, "change_message": "[{\"changed\": {\"fields\": [\"Slug\"]}}]"}}, {"model": "admin.logentry", "pk": 7, "fields": {"action_time": "2023-03-15T05:31:58.349Z", "user": 1, "content_type": 6, "object_id": "3", "object_repr": "Diamond Loop", "action_flag": 1, "change_message": "[{\"added\": {}}]"}}, {"model": "admin.logentry", "pk": 8, "fields": {"action_time": "2023-03-15T05:32:12.369Z", "user": 1, "content_type": 6, "object_id": "2", "object_repr": "Ring diamond", "action_flag": 2, "change_message": "[{\"changed\": {\"fields\": [\"Category name\"]}}]"}}, {"model": "admin.logentry", "pk": 9, "fields": {"action_time": "2023-03-15T05:32:23.830Z", "user": 1, "content_type": 6, "object_id": "1", "object_repr": "Pendant diamond", "action_flag": 2, "change_message": "[{\"changed\": {\"fields\": [\"Category name\"]}}]"}}, {"model": "admin.logentry", "pk": 10, "fields": {"action_time": "2023-03-15T05:36:31.392Z", "user": 1, "content_type": 6, "object_id": "4", "object_repr": "solitaire Ring", "action_flag": 1, "change_message": "[{\"added\": {}}]"}}, {"model": "admin.logentry", "pk": 11, "fields": {"action_time": "2023-03-15T05:42:51.929Z", "user": 1, "content_type": 6, "object_id": "5", "object_repr": "Black Pendant", "action_flag": 1, "change_message": "[{\"added\": {}}]"}}, {"model": "admin.logentry", "pk": 12, "fields": {"action_time": "2023-03-15T05:45:31.818Z", "user": 1, "content_type": 6, "object_id": "5", "object_repr": "Sterling Silver Jewellery", "action_flag": 2, "change_message": "[{\"changed\": {\"fields\": [\"Category name\", \"Slug\"]}}]"}}, {"model": "admin.logentry", "pk": 13, "fields": {"action_time": "2023-03-15T05:46:03.326Z", "user": 1, "content_type": 6, "object_id": "4", "object_repr": "Diamond Jewellery", "action_flag": 2, "change_message": "[{\"changed\": {\"fields\": [\"Category name\", \"Slug\"]}}]"}}, {"model": "admin.logentry", "pk": 14, "fields": {"action_time": "2023-03-15T05:46:24.016Z", "user": 1, "content_type": 6, "object_id": "5", "object_repr": "Sterling Silver Jewellery", "action_flag": 2, "change_message": "[{\"changed\": {\"fields\": [\"Slug\"]}}]"}}, {"model": "admin.logentry", "pk": 15, "fields": {"action_time": "2023-03-15T05:48:52.036Z", "user": 1, "content_type": 6, "object_id": "3", "object_repr": "Solitaire Jewellery", "action_flag": 2, "change_message": "[{\"changed\": {\"fields\": [\"Category name\", \"Slug\", \"Description\"]}}]"}}, {"model": "admin.logentry", "pk": 16, "fields": {"action_time": "2023-03-15T05:49:24.237Z", "user": 1, "content_type": 6, "object_id": "5", "object_repr": "Pendant", "action_flag": 2, "change_message": "[{\"changed\": {\"fields\": [\"Category name\"]}}]"}}, {"model": "admin.logentry", "pk": 17, "fields": {"action_time": "2023-03-15T05:50:09.002Z", "user": 1, "content_type": 6, "object_id": "4", "object_repr": "Ring", "action_flag": 2, "change_message": "[{\"changed\": {\"fields\": [\"Category name\"]}}]"}}, {"model": "admin.logentry", "pk": 18, "fields": {"action_time": "2023-03-15T05:50:22.846Z", "user": 1, "content_type": 6, "object_id": "3", "object_repr": "Solitaire", "action_flag": 2, "change_message": "[{\"changed\": {\"fields\": [\"Category name\", \"Slug\"]}}]"}}, {"model": "admin.logentry", "pk": 19, "fields": {"action_time": "2023-03-15T05:51:39.244Z", "user": 1, "content_type": 6, "object_id": "2", "object_repr": "Sapphire Ring", "action_flag": 2, "change_message": "[{\"changed\": {\"fields\": [\"Category name\"]}}]"}}, {"model": "admin.logentry", "pk": 20, "fields": {"action_time": "2023-03-15T05:51:39.457Z", "user": 1, "content_type": 6, "object_id": "2", "object_repr": "Sapphire Ring", "action_flag": 2, "change_message": "[]"}}, {"model": "admin.logentry", "pk": 21, "fields": {"action_time": "2023-03-27T17:22:01.520Z", "user": 1, "content_type": 6, "object_id": "2", "object_repr": "Precious Stone Ring", "action_flag": 2, "change_message": "[{\"changed\": {\"fields\": [\"Category name\"]}}]"}}, {"model": "admin.logentry", "pk": 22, "fields": {"action_time": "2023-03-27T17:22:26.362Z", "user": 1, "content_type": 6, "object_id": "1", "object_repr": "Precious Pendant", "action_flag": 2, "change_message": "[{\"changed\": {\"fields\": [\"Category name\"]}}]"}}, {"model": "admin.logentry", "pk": 23, "fields": {"action_time": "2023-03-27T17:26:19.875Z", "user": 1, "content_type": 6, "object_id": "2", "object_repr": "Queen Ring", "action_flag": 2, "change_message": "[{\"changed\": {\"fields\": [\"Category name\"]}}]"}}, {"model": "admin.logentry", "pk": 24, "fields": {"action_time": "2023-03-27T17:26:27.367Z", "user": 1, "content_type": 6, "object_id": "1", "object_repr": "Queen Pendant", "action_flag": 2, "change_message": "[{\"changed\": {\"fields\": [\"Category name\"]}}]"}}, {"model": "admin.logentry", "pk": 25, "fields": {"action_time": "2023-03-27T17:26:43.097Z", "user": 1, "content_type": 6, "object_id": "2", "object_repr": "Irish Ring", "action_flag": 2, "change_message": "[{\"changed\": {\"fields\": [\"Category name\"]}}]"}}, {"model": "admin.logentry", "pk": 26, "fields": {"action_time": "2023-03-27T17:26:50.263Z", "user": 1, "content_type": 6, "object_id": "1", "object_repr": "Irish Pendant", "action_flag": 2, "change_message": "[{\"changed\": {\"fields\": [\"Category name\"]}}]"}}, {"model": "admin.logentry", "pk": 27, "fields": {"action_time": "2023-03-28T10:32:22.752Z", "user": 1, "content_type": 11, "object_id": "1", "object_repr": "Emerald Pendant", "action_flag": 1, "change_message": "[{\"added\": {}}]"}}, {"model": "admin.logentry", "pk": 28, "fields": {"action_time": "2023-03-28T10:34:39.026Z", "user": 1, "content_type": 11, "object_id": "2", "object_repr": "Blue Sapphire Ring", "action_flag": 1, "change_message": "[{\"added\": {}}]"}}, {"model": "admin.logentry", "pk": 29, "fields": {"action_time": "2023-03-28T11:13:21.898Z", "user": 1, "content_type": 11, "object_id": "2", "object_repr": "Blue Sapphire Ring", "action_flag": 2, "change_message": "[{\"changed\": {\"fields\": [\"Quality grade\"]}}]"}}, {"model": "admin.logentry", "pk": 30, "fields": {"action_time": "2023-03-28T11:14:48.448Z", "user": 1, "content_type": 11, "object_id": "1", "object_repr": "Emerald Pendant", "action_flag": 2, "change_message": "[{\"changed\": {\"fields\": [\"Quality grade\"]}}]"}}, {"model": "admin.logentry", "pk": 31, "fields": {"action_time": "2023-03-28T11:15:54.925Z", "user": 1, "content_type": 6, "object_id": "3", "object_repr": "Solitaire Ring", "action_flag": 2, "change_message": "[{\"changed\": {\"fields\": [\"Category name\"]}}]"}}, {"model": "admin.logentry", "pk": 32, "fields": {"action_time": "2023-03-28T11:21:46.360Z", "user": 1, "content_type": 11, "object_id": "3", "object_repr": "Solitaire Ring", "action_flag": 1, "change_message": "[{\"added\": {}}]"}}, {"model": "admin.logentry", "pk": 33, "fields": {"action_time": "2023-03-28T11:26:09.968Z", "user": 1, "content_type": 11, "object_id": "4", "object_repr": "Solitaire Engagement Ring", "action_flag": 1, "change_message": "[{\"added\": {}}]"}}, {"model": "admin.logentry", "pk": 34, "fields": {"action_time": "2023-03-28T11:28:47.480Z", "user": 1, "content_type": 11, "object_id": "5", "object_repr": "Black Eye Pendant", "action_flag": 1, "change_message": "[{\"added\": {}}]"}}, {"model": "admin.logentry", "pk": 35, "fields": {"action_time": "2023-03-28T11:34:38.990Z", "user": 1, "content_type": 11, "object_id": "6", "object_repr": "Traditional Ring", "action_flag": 1, "change_message": "[{\"added\": {}}]"}}, {"model": "admin.logentry", "pk": 36, "fields": {"action_time": "2023-03-28T11:38:03.162Z", "user": 1, "content_type": 11, "object_id": "7", "object_repr": "solitaire citrine pendant", "action_flag": 1, "change_message": "[{\"added\": {}}]"}}, {"model": "admin.logentry", "pk": 37, "fields": {"action_time": "2023-03-28T11:40:50.048Z", "user": 1, "content_type": 10, "object_id": "1", "object_repr": "Excellent", "action_flag": 1, "change_message": "[{\"added\": {}}]"}}, {"model": "admin.logentry", "pk": 38, "fields": {"action_time": "2023-03-28T11:42:13.434Z", "user": 1, "content_type": 10, "object_id": "2", "object_repr": "Loved it", "action_flag": 1, "change_message": "[{\"added\": {}}]"}}, {"model": "admin.logentry", "pk": 39, "fields": {"action_time": "2023-03-31T13:41:36.945Z", "user": 1, "content_type": 6, "object_id": "5", "object_repr": "Pendant", "action_flag": 2, "change_message": "[{\"changed\": {\"fields\": [\"Slug\"]}}]"}}, {"model": "admin.logentry", "pk": 40, "fields": {"action_time": "2023-03-31T13:41:47.452Z", "user": 1, "content_type": 6, "object_id": "4", "object_repr": "Ring", "action_flag": 2, "change_message": "[{\"changed\": {\"fields\": [\"Slug\"]}}]"}}, {"model": "admin.logentry", "pk": 41, "fields": {"action_time": "2023-03-31T13:42:07.771Z", "user": 1, "content_type": 6, "object_id": "2", "object_repr": "Irish Ring", "action_flag": 2, "change_message": "[{\"changed\": {\"fields\": [\"Slug\"]}}]"}}, {"model": "admin.logentry", "pk": 42, "fields": {"action_time": "2023-03-31T13:42:21.519Z", "user": 1, "content_type": 6, "object_id": "1", "object_repr": "Irish Pendant", "action_flag": 2, "change_message": "[{\"changed\": {\"fields\": [\"Slug\"]}}]"}}, {"model": "admin.logentry", "pk": 43, "fields": {"action_time": "2023-03-31T15:14:47.470Z", "user": 1, "content_type": 10, "object_id": "3", "object_repr": "Fantastic look!", "action_flag": 1, "change_message": "[{\"added\": {}}]"}}, {"model": "admin.logentry", "pk": 44, "fields": {"action_time": "2023-03-31T15:15:27.006Z", "user": 1, "content_type": 10, "object_id": "2", "object_repr": "Loved it", "action_flag": 2, "change_message": "[{\"changed\": {\"fields\": [\"Product\"]}}]"}}, {"model": "admin.logentry", "pk": 45, "fields": {"action_time": "2023-03-31T15:17:19.723Z", "user": 1, "content_type": 10, "object_id": "4", "object_repr": "Eye catching sparkling solitare", "action_flag": 1, "change_message": "[{\"added\": {}}]"}}, {"model": "admin.logentry", "pk": 46, "fields": {"action_time": "2023-04-01T00:03:15.379Z", "user": 1, "content_type": 6, "object_id": "6", "object_repr": "Earrings", "action_flag": 1, "change_message": "[{\"added\": {}}]"}}, {"model": "admin.logentry", "pk": 47, "fields": {"action_time": "2023-04-01T00:04:31.010Z", "user": 1, "content_type": 11, "object_id": "8", "object_repr": "Gems Earing", "action_flag": 1, "change_message": "[{\"added\": {}}]"}}, {"model": "admin.logentry", "pk": 48, "fields": {"action_time": "2023-04-01T00:05:37.364Z", "user": 1, "content_type": 11, "object_id": "9", "object_repr": "Elegance Pendant", "action_flag": 1, "change_message": "[{\"added\": {}}]"}}, {"model": "admin.logentry", "pk": 49, "fields": {"action_time": "2023-04-01T00:06:14.481Z", "user": 1, "content_type": 11, "object_id": "10", "object_repr": "Remarkable Pendant", "action_flag": 1, "change_message": "[{\"added\": {}}]"}}, {"model": "admin.logentry", "pk": 50, "fields": {"action_time": "2023-04-01T00:07:10.468Z", "user": 1, "content_type": 11, "object_id": "11", "object_repr": "Aise Pendant", "action_flag": 1, "change_message": "[{\"added\": {}}]"}}, {"model": "admin.logentry", "pk": 51, "fields": {"action_time": "2023-04-01T00:07:55.022Z", "user": 1, "content_type": 11, "object_id": "12", "object_repr": "Glame Ring", "action_flag": 1, "change_message": "[{\"added\": {}}]"}}, {"model": "admin.logentry", "pk": 52, "fields": {"action_time": "2023-04-01T00:08:30.934Z", "user": 1, "content_type": 11, "object_id": "13", "object_repr": "fame Ring", "action_flag": 1, "change_message": "[{\"added\": {}}]"}}, {"model": "admin.logentry", "pk": 53, "fields": {"action_time": "2023-04-01T00:09:28.228Z", "user": 1, "content_type": 11, "object_id": "14", "object_repr": "Engagement Ring", "action_flag": 1, "change_message": "[{\"added\": {}}]"}}, {"model": "admin.logentry", "pk": 54, "fields": {"action_time": "2023-04-01T00:10:08.914Z", "user": 1, "content_type": 11, "object_id": "15", "object_repr": "The Ring", "action_flag": 1, "change_message": "[{\"added\": {}}]"}}, {"model": "admin.logentry", "pk": 55, "fields": {"action_time": "2023-04-01T00:10:53.642Z", "user": 1, "content_type": 11, "object_id": "16", "object_repr": "Dail Ring", "action_flag": 1, "change_message": "[{\"added\": {}}]"}}, {"model": "admin.logentry", "pk": 56, "fields": {"action_time": "2023-04-02T02:53:38.157Z", "user": 1, "content_type": 11, "object_id": "16", "object_repr": "Dail Ring", "action_flag": 2, "change_message": "[{\"changed\": {\"fields\": [\"Description\"]}}]"}}, {"model": "admin.logentry", "pk": 57, "fields": {"action_time": "2023-04-02T02:53:49.453Z", "user": 1, "content_type": 11, "object_id": "15", "object_repr": "The Ring", "action_flag": 2, "change_message": "[{\"changed\": {\"fields\": [\"Description\"]}}]"}}, {"model": "admin.logentry", "pk": 58, "fields": {"action_time": "2023-04-02T02:54:07.818Z", "user": 1, "content_type": 11, "object_id": "14", "object_repr": "Engagement Ring", "action_flag": 2, "change_message": "[{\"changed\": {\"fields\": [\"Description\"]}}]"}}, {"model": "admin.logentry", "pk": 59, "fields": {"action_time": "2023-04-02T02:54:13.159Z", "user": 1, "content_type": 11, "object_id": "16", "object_repr": "Dail Ring", "action_flag": 2, "change_message": "[{\"changed\": {\"fields\": [\"Description\"]}}]"}}, {"model": "admin.logentry", "pk": 60, "fields": {"action_time": "2023-04-02T02:54:18.110Z", "user": 1, "content_type": 11, "object_id": "15", "object_repr": "The Ring", "action_flag": 2, "change_message": "[{\"changed\": {\"fields\": [\"Description\"]}}]"}}, {"model": "admin.logentry", "pk": 61, "fields": {"action_time": "2023-04-02T02:54:24.985Z", "user": 1, "content_type": 11, "object_id": "14", "object_repr": "Engagement Ring", "action_flag": 2, "change_message": "[]"}}, {"model": "admin.logentry", "pk": 62, "fields": {"action_time": "2023-04-02T02:54:30.592Z", "user": 1, "content_type": 11, "object_id": "13", "object_repr": "fame Ring", "action_flag": 2, "change_message": "[{\"changed\": {\"fields\": [\"Description\"]}}]"}}, {"model": "admin.logentry", "pk": 63, "fields": {"action_time": "2023-04-02T02:54:36.911Z", "user": 1, "content_type": 11, "object_id": "12", "object_repr": "Glame Ring", "action_flag": 2, "change_message": "[{\"changed\": {\"fields\": [\"Description\"]}}]"}}, {"model": "admin.logentry", "pk": 64, "fields": {"action_time": "2023-04-02T02:55:04.743Z", "user": 1, "content_type": 11, "object_id": "11", "object_repr": "Aise Pendant", "action_flag": 2, "change_message": "[{\"changed\": {\"fields\": [\"Description\"]}}]"}}, {"model": "admin.logentry", "pk": 65, "fields": {"action_time": "2023-04-02T02:55:21.412Z", "user": 1, "content_type": 11, "object_id": "10", "object_repr": "Remarkable Pendant", "action_flag": 2, "change_message": "[{\"changed\": {\"fields\": [\"Description\"]}}]"}}, {"model": "admin.logentry", "pk": 66, "fields": {"action_time": "2023-04-02T02:55:26.353Z", "user": 1, "content_type": 11, "object_id": "10", "object_repr": "Remarkable Pendant", "action_flag": 2, "change_message": "[]"}}, {"model": "admin.logentry", "pk": 67, "fields": {"action_time": "2023-04-02T02:55:52.410Z", "user": 1, "content_type": 11, "object_id": "8", "object_repr": "Gems Earing", "action_flag": 2, "change_message": "[{\"changed\": {\"fields\": [\"Description\"]}}]"}}, {"model": "admin.logentry", "pk": 68, "fields": {"action_time": "2023-04-02T02:56:04.389Z", "user": 1, "content_type": 11, "object_id": "11", "object_repr": "Aise Pendant", "action_flag": 2, "change_message": "[{\"changed\": {\"fields\": [\"Description\"]}}]"}}, {"model": "admin.logentry", "pk": 69, "fields": {"action_time": "2023-04-02T02:56:10.396Z", "user": 1, "content_type": 11, "object_id": "8", "object_repr": "Gems Earing", "action_flag": 2, "change_message": "[]"}}, {"model": "admin.logentry", "pk": 70, "fields": {"action_time": "2023-04-02T02:56:16.967Z", "user": 1, "content_type": 11, "object_id": "7", "object_repr": "solitaire citrine pendant", "action_flag": 2, "change_message": "[]"}}, {"model": "admin.logentry", "pk": 71, "fields": {"action_time": "2023-04-02T02:57:05.104Z", "user": 1, "content_type": 11, "object_id": "9", "object_repr": "Elegance Pendant", "action_flag": 2, "change_message": "[{\"changed\": {\"fields\": [\"Description\"]}}]"}}, {"model": "admin.logentry", "pk": 72, "fields": {"action_time": "2023-04-02T04:14:17.773Z", "user": 1, "content_type": 11, "object_id": "15", "object_repr": "The Ring", "action_flag": 2, "change_message": "[{\"changed\": {\"fields\": [\"Price\"]}}]"}}, {"model": "admin.logentry", "pk": 73, "fields": {"action_time": "2023-04-02T04:14:28.391Z", "user": 1, "content_type": 11, "object_id": "16", "object_repr": "Dail Ring", "action_flag": 2, "change_message": "[{\"changed\": {\"fields\": [\"Price\"]}}]"}}, {"model": "admin.logentry", "pk": 74, "fields": {"action_time": "2023-04-02T04:14:35.783Z", "user": 1, "content_type": 11, "object_id": "15", "object_repr": "The Ring", "action_flag": 2, "change_message": "[{\"changed\": {\"fields\": [\"Price\"]}}]"}}, {"model": "admin.logentry", "pk": 75, "fields": {"action_time": "2023-04-02T04:14:42.573Z", "user": 1, "content_type": 11, "object_id": "14", "object_repr": "Engagement Ring", "action_flag": 2, "change_message": "[{\"changed\": {\"fields\": [\"Price\"]}}]"}}, {"model": "admin.logentry", "pk": 76, "fields": {"action_time": "2023-04-02T04:14:49.178Z", "user": 1, "content_type": 11, "object_id": "10", "object_repr": "Remarkable Pendant", "action_flag": 2, "change_message": "[]"}}, {"model": "admin.logentry", "pk": 77, "fields": {"action_time": "2023-04-02T04:15:01.799Z", "user": 1, "content_type": 11, "object_id": "7", "object_repr": "solitaire citrine pendant", "action_flag": 2, "change_message": "[{\"changed\": {\"fields\": [\"Price\"]}}]"}}, {"model": "admin.logentry", "pk": 78, "fields": {"action_time": "2023-04-02T04:15:15.952Z", "user": 1, "content_type": 11, "object_id": "6", "object_repr": "Traditional Ring", "action_flag": 2, "change_message": "[{\"changed\": {\"fields\": [\"Price\"]}}]"}}, {"model": "admin.logentry", "pk": 79, "fields": {"action_time": "2023-04-02T04:15:26.158Z", "user": 1, "content_type": 11, "object_id": "12", "object_repr": "Glame Ring", "action_flag": 2, "change_message": "[{\"changed\": {\"fields\": [\"Price\"]}}]"}}, {"model": "admin.logentry", "pk": 80, "fields": {"action_time": "2023-04-03T18:12:44.430Z", "user": 1, "content_type": 6, "object_id": "7", "object_repr": "Bangles & Bracelets", "action_flag": 1, "change_message": "[{\"added\": {}}]"}}, {"model": "admin.logentry", "pk": 81, "fields": {"action_time": "2023-04-03T18:14:38.224Z", "user": 1, "content_type": 11, "object_id": "17", "object_repr": "Diamond Bangles", "action_flag": 1, "change_message": "[{\"added\": {}}]"}}, {"model": "admin.logentry", "pk": 82, "fields": {"action_time": "2023-04-03T18:15:59.648Z", "user": 1, "content_type": 11, "object_id": "18", "object_repr": "Gemstone Bangles", "action_flag": 1, "change_message": "[{\"added\": {}}]"}}, {"model": "admin.logentry", "pk": 83, "fields": {"action_time": "2023-04-03T18:16:39.371Z", "user": 1, "content_type": 11, "object_id": "18", "object_repr": "Gemstone Bangles", "action_flag": 2, "change_message": "[{\"changed\": {\"fields\": [\"Images\"]}}]"}}, {"model": "admin.logentry", "pk": 84, "fields": {"action_time": "2023-04-03T18:16:48.321Z", "user": 1, "content_type": 11, "object_id": "17", "object_repr": "Diamond Bangles", "action_flag": 2, "change_message": "[{\"changed\": {\"fields\": [\"Images\"]}}]"}}, {"model": "admin.logentry", "pk": 85, "fields": {"action_time": "2023-04-03T19:11:14.141Z", "user": 1, "content_type": 11, "object_id": "11", "object_repr": "Aise Pendant", "action_flag": 2, "change_message": "[{\"changed\": {\"fields\": [\"Category\"]}}]"}}, {"model": "admin.logentry", "pk": 86, "fields": {"action_time": "2023-04-03T19:16:59.221Z", "user": 1, "content_type": 11, "object_id": "19", "object_repr": "Pear Earing", "action_flag": 1, "change_message": "[{\"added\": {}}]"}}, {"model": "admin.logentry", "pk": 87, "fields": {"action_time": "2023-04-03T19:20:32.980Z", "user": 1, "content_type": 11, "object_id": "20", "object_repr": "Gems Bangle", "action_flag": 1, "change_message": "[{\"added\": {}}]"}}, {"model": "admin.logentry", "pk": 88, "fields": {"action_time": "2023-04-05T01:02:58.151Z", "user": 1, "content_type": 10, "object_id": "4", "object_repr": "Eye catching sparkling solitare", "action_flag": 2, "change_message": "[{\"changed\": {\"fields\": [\"Review\"]}}]"}}, {"model": "admin.logentry", "pk": 89, "fields": {"action_time": "2023-04-08T00:49:07.594Z", "user": 1, "content_type": 7, "object_id": "11", "object_repr": "neha@neha.com", "action_flag": 2, "change_message": "[{\"changed\": {\"fields\": [\"Is active\"]}}]"}}, {"model": "sessions.session", "pk": "2lhv2sxe4jwbuhjjtjbir93qrl220648", "fields": {"session_data": ".eJxVjEEOwiAQAP_C2ZACCy0evfcNZHcBqRqalPZk_Lsh6UGvM5N5i4DHXsLR0haWKK5CicsvI-Rnql3EB9b7Knmt-7aQ7Ik8bZPzGtPrdrZ_g4Kt9K120-gwawOZCfWUMWZtGQwZZQdW3nrSDrzyGcFHzZGGPBpLDpCAxOcL3pU39w:1pgpt1:T9-3fs6_IKCxoA5ZyJnDtlVA2wSi4qCVq_FbSRBnq4s", "expire_date": "2023-04-10T16:39:59.549Z"}}, {"model": "sessions.session", "pk": "64ivc9mqzv0lfltfeqj3p6eqkvgc9929", "fields": {"session_data": ".eJxVjEEOwiAQAP_C2ZACCy0evfcNZHcBqRqalPZk_Lsh6UGvM5N5i4DHXsLR0haWKK5CicsvI-Rnql3EB9b7Knmt-7aQ7Ik8bZPzGtPrdrZ_g4Kt9K120-gwawOZCfWUMWZtGQwZZQdW3nrSDrzyGcFHzZGGPBpLDpCAxOcL3pU39w:1pii4O:8hcIJYyywV3A1KayAA6tNNMzx24MPet-45ljBMJnre8", "expire_date": "2023-04-15T20:43:28.900Z"}}, {"model": "sessions.session", "pk": "7fc1itl3lxv0mo6w6ekf0zlu9hber8i2", "fields": {"session_data": "e30:1pk1SD:bWcGg7qEJPt5w_pdpXU1rwm3jNks6wXFCDq5-7wLpu4", "expire_date": "2023-04-19T11:37:29.391Z"}}, {"model": "sessions.session", "pk": "86ulk06szyxajykhje9qw9ds3m00ibcs", "fields": {"session_data": "e30:1pkwfG:dXUcAFio7vo1vpSFnYI7IKbG5X9RFHOHaLkwcqjT5Rw", "expire_date": "2023-04-22T00:42:46.457Z"}}, {"model": "sessions.session", "pk": "8z5cccsp6pq2un51sxvb6w4cbszpuv45", "fields": {"session_data": ".eJxVjEEOwiAQAP_C2ZACCy0evfcNZHcBqRqalPZk_Lsh6UGvM5N5i4DHXsLR0haWKK5CicsvI-Rnql3EB9b7Knmt-7aQ7Ik8bZPzGtPrdrZ_g4Kt9K120-gwawOZCfWUMWZtGQwZZQdW3nrSDrzyGcFHzZGGPBpLDpCAxOcL3pU39w:1pXWPd:8EtSYeHW6-HOxXhrTfVAh15ilqaZ-t2lyLD28bqDnWM", "expire_date": "2023-03-16T00:03:09.877Z"}}, {"model": "sessions.session", "pk": "c3lh7wikpj1cr9cc0bldwqyv8y2bubn0", "fields": {"session_data": ".eJxVjEEOwiAQAP_C2ZBugd3i0XvfQGC32KqBpLQn499Nkx70OjOZtwpx3-awt2kNi6irAnX5ZSnycyqHkEcs96q5lm1dkj4SfdqmxyrT63a2f4M5tvnYGgFMnkGQEnUo_QCO00DMvTM2OsoOaEiIyATItvMg3mXJkK0Roz5fysY3TA:1pk1SJ:AzsBSF3GWFRrcdBpGECYGgblin9zCuqlBlASEHXjjZ4", "expire_date": "2023-04-19T11:37:35.993Z"}}, {"model": "sessions.session", "pk": "d3clmgmylfiba16oim6ye5ikp5z97lui", "fields": {"session_data": ".eJxVjEEOwiAQAP_C2ZBugd3i0XvfQGC32KqBpLQn499Nkx70OjOZtwpx3-awt2kNi6irAnX5ZSnycyqHkEcs96q5lm1dkj4SfdqmxyrT63a2f4M5tvnYGgFMnkGQEnUo_QCO00DMvTM2OsoOaEiIyATItvMg3mXJkK0Roz5fysY3TA:1plJb9:wjYWzSiWPxhUpBxjj2eIX6Pj6W9xjXpUONBTO0yj-6s", "expire_date": "2023-04-23T01:12:03.425Z"}}, {"model": "sessions.session", "pk": "dvjl9q0za8b08ro50xuv162dt40a2kby", "fields": {"session_data": ".eJxVjEEOwiAQAP_C2ZBugd3i0XvfQGC32KqBpLQn499Nkx70OjOZtwpx3-awt2kNi6irAnX5ZSnycyqHkEcs96q5lm1dkj4SfdqmxyrT63a2f4M5tvnYGgFMnkGQEnUo_QCO00DMvTM2OsoOaEiIyATItvMg3mXJkK0Roz5fysY3TA:1pk1SA:mo4YDlogsYcYtSRoha28aHT6qKKGhNghgbxS3mvP57o", "expire_date": "2023-04-19T11:37:26.419Z"}}, {"model": "sessions.session", "pk": "e9soxx191fuubgszv1i6uq449xp9y805", "fields": {"session_data": ".eJxVjEEOwiAQAP_C2ZBugd3i0XvfQGC32KqBpLQn499Nkx70OjOZtwpx3-awt2kNi6irAnX5ZSnycyqHkEcs96q5lm1dkj4SfdqmxyrT63a2f4M5tvnYGgFMnkGQEnUo_QCO00DMvTM2OsoOaEiIyATItvMg3mXJkK0Roz5fysY3TA:1pkayZ:2F1PxY-8RAbEGQWR0q_nZ7QC-OHiJjjZTNUfydOdxjg", "expire_date": "2023-04-21T01:33:15.831Z"}}, {"model": "sessions.session", "pk": "f5df1590iv06dyvb8bkqw23wm659kvmf", "fields": {"session_data": "e30:1pjjxa:W_Z0rjzGBYQ1GghH-cmt4Vrz37pbeBIaXKubOoX9S1M", "expire_date": "2023-04-18T16:56:42.869Z"}}, {"model": "sessions.session", "pk": "f9fn8h5b49of9mlce39p4qmsepzb1b5q", "fields": {"session_data": "e30:1pjk2O:2KMpTAeQ_nglGR_Eub4U8YbBTc4ek-XD4PB8AXhuh8w", "expire_date": "2023-04-18T17:01:40.135Z"}}, {"model": "sessions.session", "pk": "frjsseuel9k55l9twflxc74lojyw2n6s", "fields": {"session_data": ".eJxVjEEOwiAQAP_C2ZACCy0evfcNZHcBqRqalPZk_Lsh6UGvM5N5i4DHXsLR0haWKK5CicsvI-Rnql3EB9b7Knmt-7aQ7Ik8bZPzGtPrdrZ_g4Kt9K120-gwawOZCfWUMWZtGQwZZQdW3nrSDrzyGcFHzZGGPBpLDpCAxOcL3pU39w:1pc4iQ:on_5IsjOopMLXTf_Sn0BjTZhhQysj4emcH7mujb1qnk", "expire_date": "2023-03-28T13:29:22.801Z"}}, {"model": "sessions.session", "pk": "gmkwntl6ir7v7is2haw9aodi9h1e4k3j", "fields": {"session_data": "e30:1pjlA7:CY-jgZdiIqzkFuvoAhbTU9XxdUTO1OfxsRr0IqxqkWc", "expire_date": "2023-04-18T18:13:43.617Z"}}, {"model": "sessions.session", "pk": "jnv9oiqs6dye32hvlxaqguupc0hjfhcb", "fields": {"session_data": ".eJxVjEEOwiAQAP_C2ZBugd3i0XvfQGC32KqBpLQn499Nkx70OjOZtwpx3-awt2kNi6irAnX5ZSnycyqHkEcs96q5lm1dkj4SfdqmxyrT63a2f4M5tvnYGgFMnkGQEnUo_QCO00DMvTM2OsoOaEiIyATItvMg3mXJkK0Roz5fysY3TA:1pkyKv:gZCwYI-t-y_Naq7_P5-Z8Ak2zEFCzWsDYznU6unfnP0", "expire_date": "2023-04-22T02:29:53.488Z"}}, {"model": "sessions.session", "pk": "pl1w50f721ca4wz6opl6sh5ek1cw1o2o", "fields": {"session_data": "e30:1pkwiR:ZGprAAjyi41zboY3i4nH9lN81Cc6v98K5BCo1q0tbi0", "expire_date": "2023-04-22T00:46:03.696Z"}}, {"model": "sessions.session", "pk": "s9mgtwtxzbhhn0q1m4lqiv95u7wl5hpo", "fields": {"session_data": ".eJxVjEEOwiAQAP_C2ZBugd3i0XvfQGC32KqBpLQn499Nkx70OjOZtwpx3-awt2kNi6irAnX5ZSnycyqHkEcs96q5lm1dkj4SfdqmxyrT63a2f4M5tvnYGgFMnkGQEnUo_QCO00DMvTM2OsoOaEiIyATItvMg3mXJkK0Roz5fysY3TA:1pkegW:RSk_xxP3caYELQiiW_na98ThF53aEHEKUWo-lGHRnbQ", "expire_date": "2023-04-21T05:30:52.644Z"}}, {"model": "sessions.session", "pk": "skb09w9wu63j0lzz6dmtw9p6x65payo6", "fields": {"session_data": "e30:1pjjxa:W_Z0rjzGBYQ1GghH-cmt4Vrz37pbeBIaXKubOoX9S1M", "expire_date": "2023-04-18T16:56:42.429Z"}}, {"model": "category.category", "pk": 1, "fields": {"category_name": "Irish Pendant", "slug": "Irish_Pendant", "description": "Green Emerald Stone studded pedant. Glorifying the beautify of this pendant surrounded with white diamonds.", "cat_image": "photos/categories/1.jpg"}}, {"model": "category.category", "pk": 2, "fields": {"category_name": "Irish Ring", "slug": "Irish_Ring", "description": "10 carat Blue Sapphire studded ring, surrounded with white diamonds throughout the edges each 4 carat.", "cat_image": "photos/categories/2.jpg"}}, {"model": "category.category", "pk": 3, "fields": {"category_name": "Solitaire Ring", "slug": "Solitaire-Ring", "description": "18 carat Diamonds solitaire studded loop on the head, surrounded with crystal diamonds over the edges to enhance the beauty.", "cat_image": "photos/categories/3.jpg"}}, {"model": "category.category", "pk": 4, "fields": {"category_name": "Ring", "slug": "Ring", "description": "Solitaire traditional ring with rhodium glance", "cat_image": "photos/categories/4.jpg"}}, {"model": "category.category", "pk": 5, "fields": {"category_name": "Pendant", "slug": "Pendant", "description": "Black Eye pendant with real black gem surrounded with white crystal diamonds each 6 carat.", "cat_image": "photos/categories/5.jpg"}}, {"model": "category.category", "pk": 6, "fields": {"category_name": "Earrings", "slug": "earrings", "description": "Earing pair", "cat_image": ""}}, {"model": "category.category", "pk": 7, "fields": {"category_name": "Bangles & Bracelets", "slug": "bangles-bracelets", "description": "", "cat_image": ""}}, {"model": "accounts.account", "pk": 1, "fields": {"password": "pbkdf2_sha256$600000$TarMWBpIQRE0rWYOytonbH$tolVkPlvgmw20AnbDmEZXPzRbaENUri0CMKhLoizSDU=", "first_name": "rashmee", "last_name": "saxena", "username": "rashmee01", "email": "rashmee.saxena@gmail.com", "phone_number": "", "date_joined": "2023-03-01T21:36:49.595Z", "last_login": "2023-04-09T01:12:03.312Z", "is_admin": true, "is_staff": true, "is_active": true, "is_superadmin": true}}, {"model": "accounts.account", "pk": 2, "fields": {"password": "pbkdf2_sha256$216000$u58O3QblhuVp$aRU8rVIHK+SF+BFH4XE0V1twKp5NLl5Y88CYQbk8TNg=", "first_name": "Testuser1", "last_name": "lname", "username": "rashmeesaxena1", "email": "rashmeesaxena1@gmail.com", "phone_number": "812345678", "date_joined": "2023-04-04T03:56:17.739Z", "last_login": "2023-04-04T03:56:17.739Z", "is_admin": false, "is_staff": false, "is_active": false, "is_superadmin": false}}, {"model": "accounts.account", "pk": 3, "fields": {"password": "pbkdf2_sha256$216000$L8xShKg3oBuS$4IDlt3maRnQvFU5uQJemR/Kn3vMMloDv/cG511qP8Dc=", "first_name": "Maham", "last_name": "Sandra", "username": "maham.sandra", "email": "maham.sandra@gmail.com", "phone_number": "0899552839", "date_joined": "2023-04-04T14:09:48.616Z", "last_login": "2023-04-04T14:09:48.616Z", "is_admin": false, "is_staff": false, "is_active": false, "is_superadmin": false}}, {"model": "accounts.account", "pk": 4, "fields": {"password": "pbkdf2_sha256$216000$5E8wx1crp2eZ$4sC1f/LYZ9I/X5xPgJB4QYZtxxqRG0CsDrEt+xCT6Wo=", "first_name": "e`", "last_name": "w", "username": "w", "email": "w@dd.com", "phone_number": "w", "date_joined": "2023-04-04T14:33:48.269Z", "last_login": "2023-04-04T14:33:48.269Z", "is_admin": false, "is_staff": false, "is_active": false, "is_superadmin": false}}, {"model": "accounts.account", "pk": 5, "fields": {"password": "pbkdf2_sha256$216000$gFG3TKxnt3vb$MSL7CvtP//uG3wNTpIbb9dcHXaWaLGqBLmAbmTt48/U=", "first_name": "w", "last_name": "w", "username": "ggg", "email": "ggg@gg.com", "phone_number": "1234", "date_joined": "2023-04-04T14:34:46.615Z", "last_login": "2023-04-04T14:34:46.615Z", "is_admin": false, "is_staff": false, "is_active": false, "is_superadmin": false}}, {"model": "accounts.account", "pk": 6, "fields": {"password": "pbkdf2_sha256$216000$hxd32mQJIBcn$8nBQIJmt13tlnoil1qCQd8wc40VXW/IzOuMsjz2XNjc=", "first_name": "Saint", "last_name": "Patrik", "username": "saint_patrik", "email": "saint_patrik@gmail.com", "phone_number": "080080080800", "date_joined": "2023-04-04T14:38:20.155Z", "last_login": "2023-04-04T14:38:20.155Z", "is_admin": false, "is_staff": false, "is_active": false, "is_superadmin": false}}, {"model": "accounts.account", "pk": 7, "fields": {"password": "pbkdf2_sha256$216000$dhYLDItvvS9T$9mm2bMWdefRIdfJ0JUrEwXY2AODIOHDjDnlionhRIho=", "first_name": "test", "last_name": "user", "username": "test_user", "email": "test_user@gmail.xom", "phone_number": "123456789", "date_joined": "2023-04-04T16:14:17.600Z", "last_login": "2023-04-04T16:14:17.600Z", "is_admin": false, "is_staff": false, "is_active": false, "is_superadmin": false}}, {"model": "accounts.account", "pk": 8, "fields": {"password": "pbkdf2_sha256$216000$eq8FSNxqGGVe$3jVYy49LnY5GWxsZC6d97kfM1K+w1SLcEDCXENiuIoM=", "first_name": "yaml", "last_name": "jango", "username": "yaml", "email": "yaml@python.com", "phone_number": "889977227", "date_joined": "2023-04-04T16:22:14.498Z", "last_login": "2023-04-04T16:22:14.498Z", "is_admin": false, "is_staff": false, "is_active": false, "is_superadmin": false}}, {"model": "accounts.account", "pk": 9, "fields": {"password": "pbkdf2_sha256$216000$0GCaWcXG2Q3q$krD//wg6O+5bVBWFjSm46oUV4q/A9xyuCiZNjKruEYc=", "first_name": "poll", "last_name": "wall", "username": "poll", "email": "poll@gmail.com", "phone_number": "888812345", "date_joined": "2023-04-04T16:24:43.758Z", "last_login": "2023-04-04T16:24:43.758Z", "is_admin": false, "is_staff": false, "is_active": false, "is_superadmin": false}}, {"model": "accounts.account", "pk": 10, "fields": {"password": "pbkdf2_sha256$216000$k4WLDmYP81mn$LS4ENXOWIDW9OHrb03DfvE5PQvRH/pIFy8M1Ja9JS84=", "first_name": "Rashmee", "last_name": "Saxena", "username": "rashmee.saxena", "email": "rashmee.saxena@test.com", "phone_number": "0800000000", "date_joined": "2023-04-05T00:39:14.926Z", "last_login": "2023-04-05T00:39:14.926Z", "is_admin": false, "is_staff": false, "is_active": false, "is_superadmin": false}}, {"model": "accounts.account", "pk": 11, "fields": {"password": "pbkdf2_sha256$600000$zguT9XPVjfQRRhx8r6lHvU$8GomGx7lW4BPTzXymYipgH1GU1VJvaSDxzGB8Wx/3VU=", "first_name": "Neha", "last_name": "Neha", "username": "neha", "email": "neha@neha.com", "phone_number": "987654321", "date_joined": "2023-04-08T00:48:11.895Z", "last_login": "2023-04-08T05:06:08.640Z", "is_admin": false, "is_staff": false, "is_active": true, "is_superadmin": false}}, {"model": "accounts.userprofile", "pk": 1, "fields": {"user": 2, "address_line_1": "", "address_line_2": "", "profile_picture": "default/default-user.png", "city": "", "state": "", "country": ""}}, {"model": "store.product", "pk": 1, "fields": {"product_name": "Emerald Pendant", "slug": "emerald-pendant", "description": "Linked to a lustrous bale is a lush green emerald solitaire secured in a four prong setting surrounded by 14 diamonds. Crafted in 14k yellow gold, the elegant design of this classic emerald pendant draws all attention towards the magnificence of the center stone.", "price": 3040, "images": "photos/products/1.jpg", "stock": 100, "is_available": true, "category": 1, "created_date": "2023-03-28T10:32:22.730Z", "modified_date": "2023-03-28T11:14:48.442Z"}}, {"model": "store.product", "pk": 2, "fields": {"product_name": "Blue Sapphire Ring", "slug": "blue-sapphire-ring", "description": "At the core of a scintillating floral halo is an oval blue sapphire, held in a prong setting. This oval blue sapphire ring is inspired by Princess Diana's beautiful engagement ring. It is crafted in 14ct white gold and bespeaks glamour and elegance.", "price": 2400, "images": "photos/products/2.jpg", "stock": 160, "is_available": true, "category": 2, "created_date": "2023-03-28T10:34:39.023Z", "modified_date": "2023-03-28T11:13:21.886Z"}}, {"model": "store.product", "pk": 3, "fields": {"product_name": "Solitaire Ring", "slug": "solitaire-ring", "description": "Crafted in 14k white gold, this diamond solitaire ring radiates sheer sophistication. Its twist shank is partially embellished with beautiful round diamonds for added brilliance. The entwined design of this engagement ring creates a subtle silhouette of the infinity symbol.", "price": 2800, "images": "photos/products/3.jpg", "stock": 36, "is_available": true, "category": 3, "created_date": "2023-03-28T11:21:46.358Z", "modified_date": "2023-03-28T11:21:46.358Z"}}, {"model": "store.product", "pk": 4, "fields": {"product_name": "Solitaire Engagement Ring", "slug": "solitaire-e_ring", "description": "Symbolic of the past, present and future, this three stone ring is a great way to celebrate your eternal bond. The prong set round aquamarine effortlessly entices your vision with its lustre while opulent diamonds, one on each side, shine endlessly. A twisted shank, partially embedded with diamonds, and a leaf motif carved on the gallery further uplift the charm of this two tone ring.", "price": 3690, "images": "photos/products/4.jpg", "stock": 19, "is_available": true, "category": 3, "created_date": "2023-03-28T11:26:09.964Z", "modified_date": "2023-03-28T11:26:09.964Z"}}, {"model": "store.product", "pk": 5, "fields": {"product_name": "Black Eye Pendant", "slug": "black-eye-pendant", "description": "A round enhanced black diamond is suspended from a white diamond encrusted bar bale with intricate milgrain detailing. The sparkling white diamonds beautifully highlight the intense hue of the alluring black diamond. This black diamond solitaire pendant is exquisitely crafted in 14ct white gold.", "price": 1805, "images": "photos/products/5.jpg", "stock": 156, "is_available": true, "category": 5, "created_date": "2023-03-28T11:28:47.478Z", "modified_date": "2023-03-28T11:28:47.478Z"}}, {"model": "store.product", "pk": 6, "fields": {"product_name": "Traditional Ring", "slug": "traditional-ring", "description": "Crafted in 23ct Yellow gold, this bridal ring set is sure to allure. The traditional ring features an oval design and self printed with natural ink. The Minimal Unisize Ring is a polished version of our best-selling Ring. Depending on your preferred finger and your size you can wear the ring with the opening hidden, visible, closed, or overlapping. This ring has both a polished exterior and interior.", "price": 2890, "images": "photos/products/6.jpg", "stock": 20, "is_available": true, "category": 4, "created_date": "2023-03-28T11:34:38.647Z", "modified_date": "2023-04-02T04:15:15.949Z"}}, {"model": "store.product", "pk": 7, "fields": {"product_name": "solitaire citrine pendant", "slug": "solitaire-citrine-pendant", "description": "This classic solitaire citrine pendant elegantly delights with its the pleasing honey-yellow hue. Gracefully suspended from a shiny metal bale, the prong set pear-shaped gem looks fascinatingly beautiful. This citrine dangle pendant is crafted in 14ct yellow gold.\r\n\r\n18 Inch long white gold chain", "price": 466, "images": "photos/products/7.jpg", "stock": 27, "is_available": true, "category": 5, "created_date": "2023-03-28T11:38:03.153Z", "modified_date": "2023-04-02T04:15:01.796Z"}}, {"model": "store.product", "pk": 8, "fields": {"product_name": "Gems Earing", "slug": "gems-earing", "description": "A piece to stand the test of time, this glamorous Sparkling Solitaire Earing will make a sophisticated statement in any setting. Hand-finished in sterling silver, the Earing features sparkling clear cubic zirconia in a prong setting to elevate the stone from its thin band, which features the Jewells logo on the inside the shank. This earing stacks well with others from this collection to add a little sparkle to your everyday look.", "price": 1800, "images": "photos/products/E_640.jpg", "stock": 20, "is_available": true, "category": 6, "created_date": "2023-04-01T00:04:30.989Z", "modified_date": "2023-04-02T02:56:10.392Z"}}, {"model": "store.product", "pk": 9, "fields": {"product_name": "Elegance Pendant", "slug": "elegance-pendant", "description": "A piece to stand the test of time, this glamorous Sparkling Solitaire pendant will make a sophisticated statement in any setting. Hand-finished in sterling silver, the pendant features sparkling clear cubic zirconia in a prong setting to elevate the stone from its thin band, which features the Jewells logo on the inside the shank. This pendant stacks well with others from this collection to add a little sparkle to your everyday look.", "price": 1569, "images": "photos/products/P_640.jpg", "stock": 16, "is_available": true, "category": 1, "created_date": "2023-04-01T00:05:37.360Z", "modified_date": "2023-04-02T02:57:05.098Z"}}, {"model": "store.product", "pk": 10, "fields": {"product_name": "Remarkable Pendant", "slug": "remarkable-pendant", "description": "A piece to stand the test of time, this glamorous Sparkling Solitaire pendant will make a sophisticated statement in any setting. Hand-finished in sterling silver, the ring features sparkling clear cubic zirconia in a prong setting to elevate the stone from its thin band, which features the Jewells logo on the inside the shank. This pendant stacks well with others from this collection to add a little sparkle to your everyday look.", "price": 1788, "images": "photos/products/P2_640.jpg", "stock": 5, "is_available": true, "category": 5, "created_date": "2023-04-01T00:06:14.477Z", "modified_date": "2023-04-02T04:14:49.173Z"}}, {"model": "store.product", "pk": 11, "fields": {"product_name": "Aise Pendant", "slug": "aise-pendant", "description": "A piece to stand the test of time, this glamorous Sparkling Pedant will make a sophisticated statement in any setting. Hand-finished in sterling silver, the pendant features sparkling clear cubic zirconia in a prong setting to elevate the stone from its thin band, which features the Jewells logo on the inside the shank. This Pendant stacks well with others from this collection to add a little sparkle to your everyday look.", "price": 545, "images": "photos/products/P4_640.jpg", "stock": 8, "is_available": true, "category": 1, "created_date": "2023-04-01T00:07:10.464Z", "modified_date": "2023-04-03T19:11:13.792Z"}}, {"model": "store.product", "pk": 12, "fields": {"product_name": "Glame Ring", "slug": "glame-ring", "description": "A piece to stand the test of time, this glamorous Sparkling Solitaire ring will make a sophisticated statement in any setting. Hand-finished in sterling silver, the ring features sparkling clear cubic zirconia in a prong setting to elevate the stone from its thin band, which features the Jewells logo on the inside the shank. This ring stacks well with others from this collection to add a little sparkle to your everyday look.", "price": 2544, "images": "photos/products/R_640.jpg", "stock": 6, "is_available": true, "category": 4, "created_date": "2023-04-01T00:07:54.684Z", "modified_date": "2023-04-02T04:15:26.153Z"}}, {"model": "store.product", "pk": 13, "fields": {"product_name": "fame Ring", "slug": "fame-ring", "description": "A piece to stand the test of time, this glamorous Sparkling Solitaire ring will make a sophisticated statement in any setting. Hand-finished in sterling silver, the ring features sparkling clear cubic zirconia in a prong setting to elevate the stone from its thin band, which features the Jewells logo on the inside the shank. This ring stacks well with others from this collection to add a little sparkle to your everyday look.", "price": 7656, "images": "photos/products/R_Em_640.jpg", "stock": 3, "is_available": true, "category": 2, "created_date": "2023-04-01T00:08:30.930Z", "modified_date": "2023-04-02T02:54:30.588Z"}}, {"model": "store.product", "pk": 14, "fields": {"product_name": "Engagement Ring", "slug": "engagement-ring", "description": "A piece to stand the test of time, this glamorous Sparkling Solitaire ring will make a sophisticated statement in any setting. Hand-finished in sterling silver, the ring features sparkling clear cubic zirconia in a prong setting to elevate the stone from its thin band, which features the Jewells logo on the inside the shank. This ring stacks well with others from this collection to add a little sparkle to your everyday look.", "price": 2888, "images": "photos/products/S_R_640.jpg", "stock": 6, "is_available": true, "category": 3, "created_date": "2023-04-01T00:09:28.224Z", "modified_date": "2023-04-02T04:14:42.570Z"}}, {"model": "store.product", "pk": 15, "fields": {"product_name": "The Ring", "slug": "ring", "description": "A piece to stand the test of time, this glamorous Sparkling Solitaire ring will make a sophisticated statement in any setting. Hand-finished in sterling silver, the ring features sparkling clear cubic zirconia in a prong setting to elevate the stone from its thin band, which features the Jewells logo on the inside the shank. This ring stacks well with others from this collection to add a little sparkle to your everyday look.", "price": 1545, "images": "photos/products/S_R2_640.jpg", "stock": 7, "is_available": true, "category": 3, "created_date": "2023-04-01T00:10:08.910Z", "modified_date": "2023-04-02T04:14:35.780Z"}}, {"model": "store.product", "pk": 16, "fields": {"product_name": "Dail Ring", "slug": "dail-ring", "description": "A piece to stand the test of time, this glamorous Sparkling Solitaire ring will make a sophisticated statement in any setting. Hand-finished in sterling silver, the ring features sparkling clear cubic zirconia in a prong setting to elevate the stone from its thin band, which features the Jewells logo on the inside the shank. This ring stacks well with others from this collection to add a little sparkle to your everyday look.", "price": 1875, "images": "photos/products/I_R_640.jpg", "stock": 7, "is_available": true, "category": 2, "created_date": "2023-04-01T00:10:53.609Z", "modified_date": "2023-04-02T04:14:28.385Z"}}, {"model": "store.product", "pk": 17, "fields": {"product_name": "Diamond Bangles", "slug": "diamond-bangles", "description": "Beautiful pair of Bangles studded with Gemstone and diamonds of unique and glittering shine to make you look amazing.", "price": 7645, "images": "photos/products/b_640_2_BCFLtuY.jpg", "stock": 50, "is_available": true, "category": 7, "created_date": "2023-04-03T18:14:38.205Z", "modified_date": "2023-04-03T18:16:48.317Z"}}, {"model": "store.product", "pk": 18, "fields": {"product_name": "Gemstone Bangles", "slug": "gemstone-bangles", "description": "Real gem stones studded pair of bangles with 22 ct gold.", "price": 3567, "images": "photos/products/b_640_1_OA9MO7l.jpg", "stock": 17, "is_available": true, "category": 7, "created_date": "2023-04-03T18:15:59.301Z", "modified_date": "2023-04-03T18:16:39.366Z"}}, {"model": "store.product", "pk": 19, "fields": {"product_name": "Pear Earing", "slug": "pear-earing", "description": "Nature picked pearl earrings, latest and Trendy design with silver 969", "price": 150, "images": "photos/products/pearl-1875468_640.jpg", "stock": 22, "is_available": true, "category": 6, "created_date": "2023-04-03T19:16:59.216Z", "modified_date": "2023-04-03T19:16:59.216Z"}}, {"model": "store.product", "pk": 20, "fields": {"product_name": "Gems Bangle", "slug": "gems-bangle", "description": "Gold and mixed gems induced pair of bangles with studded ruby and emrald", "price": 5499, "images": "photos/products/jewellery-1175535_640.jpg", "stock": 5, "is_available": true, "category": 7, "created_date": "2023-04-03T19:20:32.654Z", "modified_date": "2023-04-03T19:20:32.654Z"}}, {"model": "store.reviewrating", "pk": 1, "fields": {"product": 1, "user": 1, "subject": "Excellent", "review": "Perfectly what i wanted to wear for the event, Very easy and handy guide . Thanks", "rating": 5.0, "ip": "ahaa", "status": true, "created_at": "2023-03-28T11:40:50.043Z", "updated_at": "2023-03-28T11:40:50.043Z"}}, {"model": "store.reviewrating", "pk": 2, "fields": {"product": 7, "user": 1, "subject": "Loved it", "review": "So glad you are satisfied with your marquise lab diamond ring from Jewells the elegant", "rating": 4.0, "ip": "ahaa", "status": true, "created_at": "2023-03-28T11:42:13.431Z", "updated_at": "2023-03-31T15:15:27.001Z"}}, {"model": "store.reviewrating", "pk": 3, "fields": {"product": 5, "user": 1, "subject": "Fantastic look!", "review": "Liked the product", "rating": 3.0, "ip": "", "status": true, "created_at": "2023-03-31T15:14:47.467Z", "updated_at": "2023-03-31T15:14:47.467Z"}}, {"model": "store.reviewrating", "pk": 4, "fields": {"product": 3, "user": 1, "subject": "Eye catching sparkling solitare", "review": "Amazing for Engagement rings, Perfect for the occasion .\r\nSpecially the The clarity of a diamond and A well-cut diamond the most brilliance and fire look.\r\ndiamond with a high clarity grade, An example of excellent polish and symmetry. \r\n\r\nI loved it!!!!", "rating": 5.0, "ip": "", "status": true, "created_at": "2023-03-31T15:17:19.719Z", "updated_at": "2023-04-05T01:02:58.145Z"}}, {"model": "carts.cart", "pk": 1, "fields": {"cart_id": "gk4boqtot7vcs2ev4lsccomuhchxey89", "date_added": "2023-04-03"}}, {"model": "carts.cart", "pk": 2, "fields": {"cart_id": "swq53ln00n5uluzmiqbfh58d68hg4tbz", "date_added": "2023-04-04"}}, {"model": "carts.cart", "pk": 3, "fields": {"cart_id": "0cyytjgb58xtx7ikwm838187uw152d4c", "date_added": "2023-04-05"}}, {"model": "carts.cart", "pk": 4, "fields": {"cart_id": "i3g5nauvwu9bi30y0xs5lafj3yl9tx9d", "date_added": "2023-04-05"}}, {"model": "carts.cart", "pk": 5, "fields": {"cart_id": "c3lh7wikpj1cr9cc0bldwqyv8y2bubn0", "date_added": "2023-04-05"}}, {"model": "carts.cart", "pk": 6, "fields": {"cart_id": "ybr8jp7pzcnp1chtechvwex9rxp0tim0", "date_added": "2023-04-06"}}, {"model": "carts.cart", "pk": 7, "fields": {"cart_id": "c9b4g8704qyq6qkh96lcbyuv3jxli9zp", "date_added": "2023-04-06"}}, {"model": "carts.cart", "pk": 8, "fields": {"cart_id": "e9soxx191fuubgszv1i6uq449xp9y805", "date_added": "2023-04-07"}}, {"model": "carts.cart", "pk": 9, "fields": {"cart_id": "s9mgtwtxzbhhn0q1m4lqiv95u7wl5hpo", "date_added": "2023-04-07"}}, {"model": "carts.cart", "pk": 10, "fields": {"cart_id": "devw1af2m38q5l1i5lohhemuims9x954", "date_added": "2023-04-07"}}, {"model": "carts.cart", "pk": 11, "fields": {"cart_id": "io98jpqhmax63vs334uowq3lqt5ymmyl", "date_added": "2023-04-08"}}, {"model": "carts.cart", "pk": 12, "fields": {"cart_id": "e6pcjcmc96nk6pj25xwyb9c022z13i38", "date_added": "2023-04-08"}}, {"model": "carts.cart", "pk": 13, "fields": {"cart_id": "bo9j9hdp5ekeene64uyejbppjv59fgzj", "date_added": "2023-04-08"}}, {"model": "carts.cart", "pk": 14, "fields": {"cart_id": "okjnm379kntrkh6x0dg8tnjjpaknrnu9", "date_added": "2023-04-08"}}, {"model": "carts.cart", "pk": 15, "fields": {"cart_id": "jnv9oiqs6dye32hvlxaqguupc0hjfhcb", "date_added": "2023-04-08"}}, {"model": "carts.cart", "pk": 16, "fields": {"cart_id": "4zjv8pemyr6w1uj4rshqymxjn93nsnim", "date_added": "2023-04-08"}}, {"model": "carts.cart", "pk": 17, "fields": {"cart_id": "iktwakbrwx3cmrmixaiji67uh5y8tuw4", "date_added": "2023-04-08"}}, {"model": "carts.cart", "pk": 18, "fields": {"cart_id": "twfuqsbau0mng0v4dpuvyhdkhrl6lspb", "date_added": "2023-04-08"}}, {"model": "carts.cart", "pk": 19, "fields": {"cart_id": "tzdwfn3boa7aoq5lp2oq5lrghfmhrauh", "date_added": "2023-04-08"}}, {"model": "carts.cart", "pk": 20, "fields": {"cart_id": "53lur33ofdl37tsfuegfvrrmnwxy4t9n", "date_added": "2023-04-08"}}, {"model": "carts.cart", "pk": 21, "fields": {"cart_id": "vkt5dkuv3x46uwyjwj83nyghr0y8gwrb", "date_added": "2023-04-08"}}, {"model": "carts.cart", "pk": 22, "fields": {"cart_id": "53i0zb6a0gvs5tta94klvns4767n8l4y", "date_added": "2023-04-08"}}, {"model": "carts.cart", "pk": 23, "fields": {"cart_id": "wrwy9nkkfnd9ip10dskm0tzbubv28rz1", "date_added": "2023-04-08"}}, {"model": "carts.cart", "pk": 24, "fields": {"cart_id": "gwm0l6kew923ai03yvv9btapxres7cx5", "date_added": "2023-04-08"}}, {"model": "carts.cart", "pk": 25, "fields": {"cart_id": "4g0e0ssuhb9nku7mc7xqhcce7esjzgiq", "date_added": "2023-04-08"}}, {"model": "carts.cartitem", "pk": 9, "fields": {"user": null, "product": 1, "cart": 1, "quantity": 2, "is_active": true}}, {"model": "carts.cartitem", "pk": 10, "fields": {"user": null, "product": 2, "cart": 2, "quantity": 1, "is_active": true}}, {"model": "carts.cartitem", "pk": 11, "fields": {"user": null, "product": 1, "cart": 3, "quantity": 1, "is_active": true}}, {"model": "carts.cartitem", "pk": 13, "fields": {"user": null, "product": 19, "cart": 3, "quantity": 2, "is_active": true}}, {"model": "carts.cartitem", "pk": 14, "fields": {"user": null, "product": 20, "cart": 3, "quantity": 1, "is_active": true}}, {"model": "carts.cartitem", "pk": 15, "fields": {"user": null, "product": 15, "cart": 3, "quantity": 1, "is_active": true}}, {"model": "carts.cartitem", "pk": 16, "fields": {"user": null, "product": 2, "cart": 4, "quantity": 2, "is_active": true}}, {"model": "carts.cartitem", "pk": 17, "fields": {"user": null, "product": 1, "cart": 4, "quantity": 2, "is_active": true}}, {"model": "carts.cartitem", "pk": 18, "fields": {"user": null, "product": 7, "cart": 4, "quantity": 1, "is_active": true}}, {"model": "carts.cartitem", "pk": 19, "fields": {"user": null, "product": 2, "cart": 5, "quantity": 1, "is_active": true}}, {"model": "carts.cartitem", "pk": 22, "fields": {"user": null, "product": 6, "cart": 7, "quantity": 1, "is_active": true}}, {"model": "carts.cartitem", "pk": 24, "fields": {"user": null, "product": 1, "cart": 8, "quantity": 2, "is_active": true}}, {"model": "carts.cartitem", "pk": 25, "fields": {"user": null, "product": 2, "cart": 8, "quantity": 1, "is_active": true}}, {"model": "carts.cartitem", "pk": 26, "fields": {"user": null, "product": 3, "cart": 6, "quantity": 1, "is_active": true}}, {"model": "carts.cartitem", "pk": 27, "fields": {"user": null, "product": 12, "cart": 9, "quantity": 2, "is_active": true}}, {"model": "carts.cartitem", "pk": 36, "fields": {"user": null, "product": 1, "cart": 10, "quantity": 1, "is_active": true}}, {"model": "carts.cartitem", "pk": 37, "fields": {"user": null, "product": 6, "cart": 10, "quantity": 2, "is_active": true}}, {"model": "carts.cartitem", "pk": 38, "fields": {"user": null, "product": 1, "cart": 11, "quantity": 1, "is_active": true}}, {"model": "carts.cartitem", "pk": 39, "fields": {"user": null, "product": 1, "cart": 12, "quantity": 1, "is_active": true}}, {"model": "carts.cartitem", "pk": 40, "fields": {"user": null, "product": 2, "cart": 13, "quantity": 1, "is_active": true}}, {"model": "carts.cartitem", "pk": 43, "fields": {"user": null, "product": 1, "cart": 16, "quantity": 4, "is_active": true}}, {"model": "carts.cartitem", "pk": 44, "fields": {"user": null, "product": 2, "cart": 17, "quantity": 1, "is_active": true}}, {"model": "carts.cartitem", "pk": 45, "fields": {"user": null, "product": 1, "cart": 17, "quantity": 1, "is_active": true}}, {"model": "carts.cartitem", "pk": 46, "fields": {"user": null, "product": 17, "cart": 18, "quantity": 1, "is_active": true}}, {"model": "carts.cartitem", "pk": 47, "fields": {"user": null, "product": 1, "cart": 18, "quantity": 2, "is_active": true}}, {"model": "carts.cartitem", "pk": 48, "fields": {"user": null, "product": 2, "cart": 18, "quantity": 1, "is_active": true}}, {"model": "carts.cartitem", "pk": 49, "fields": {"user": 1, "product": 1, "cart": null, "quantity": 1, "is_active": true}}, {"model": "carts.cartitem", "pk": 50, "fields": {"user": 1, "product": 1, "cart": 19, "quantity": 1, "is_active": true}}, {"model": "carts.cartitem", "pk": 51, "fields": {"user": 11, "product": 9, "cart": null, "quantity": 1, "is_active": true}}, {"model": "carts.cartitem", "pk": 52, "fields": {"user": 11, "product": 1, "cart": null, "quantity": 1, "is_active": true}}, {"model": "carts.cartitem", "pk": 53, "fields": {"user": null, "product": 1, "cart": 20, "quantity": 3, "is_active": true}}, {"model": "carts.cartitem", "pk": 54, "fields": {"user": null, "product": 5, "cart": 20, "quantity": 1, "is_active": true}}, {"model": "carts.cartitem", "pk": 56, "fields": {"user": 1, "product": 1, "cart": 22, "quantity": 1, "is_active": true}}, {"model": "carts.cartitem", "pk": 58, "fields": {"user": null, "product": 1, "cart": 23, "quantity": 2, "is_active": true}}, {"model": "carts.cartitem", "pk": 59, "fields": {"user": null, "product": 2, "cart": 23, "quantity": 1, "is_active": true}}, {"model": "carts.cartitem", "pk": 60, "fields": {"user": 1, "product": 4, "cart": 24, "quantity": 1, "is_active": true}}, {"model": "carts.cartitem", "pk": 63, "fields": {"user": null, "product": 1, "cart": 25, "quantity": 3, "is_active": true}}, {"model": "carts.cartitem", "pk": 66, "fields": {"user": null, "product": 19, "cart": 9, "quantity": 1, "is_active": true}}]